modelo,ILD,Cobertura
DiversidadeMMR,0.07485277231535757,0.045495616498571395
Popularidade,0.05653729087999711,0.0006593567608488607
Similaridade,0.005112339376950252,0.011941683557596033
